<!-- Use stable and unique id's!-->
<core:FragmentDefinition xmlns:core='sap.ui.core' xmlns:layout="sap.ui.layout" xmlns="sap.m" id="idFragment">
    <FlexBox alignItems="Start" justifyContent="SpaceBetween" id="idCarrierDetailsEx">
        <items>
            <layout:HorizontalLayout allowWrapping="true" id="idHLayout">
                <layout:VerticalLayout class="sapUiMediumMarginEnd" id="idVLayout">
                    <ObjectAttribute title="{i18n>currLabelText}" text="{Currcode}" id="idOA1"/>
                    <ObjectAttribute title="{i18n>urlLabelText}" text="{Url}" id="idOA2"/>
                </layout:VerticalLayout>
            </layout:HorizontalLayout>
        </items>
    </FlexBox>
</core:FragmentDefinition>