{
	"welcomeFile": "/",
	"authenticationMethod": "none",
	"routes": [
		{
			"source": "^/sap/bc/ui5_ui5",
			"destination": "S4D_100"
		},
		{
			"source": "^/sap/bc/ui2/app_index",
			"destination": "S4D_100"
		},
		{
			"source": "^/sap/opu/odata",
			"destination": "S4D_100"
		},
		{
			"source": "^/sap/bc/lrep",
			"destination": "S4D_100"
		},
		{
			"source": "^/resources/(.*)$",
			"destination": "sapui5",
			"target": "resources/$1"
		},
		{
			"source": "^/test-resources/(.*)$",
			"destination": "sapui5",
			"target": "test-resources/$1"
		},
		{
			"source": "^(.*)$",
			"target": "$1",
			"localDir": "./"
		}
	]
}