<?xml version="1.0" encoding="utf-8"?>
<edmx:Edmx Version="1.0" xmlns:edmx="http://schemas.microsoft.com/ado/2007/06/edmx" xmlns:m="http://schemas.microsoft.com/ado/2007/08/dataservices/metadata" xmlns:sap="http://www.sap.com/Protocols/SAPData">
    <edmx:Reference Uri="https://s4d.virtual:443/sap/opu/odata/IWFND/CATALOGSERVICE;v=2/Vocabularies(TechnicalName='%2FIWBEP%2FVOC_COMMON',Version='0001',SAP__Origin='LOCAL')/$value" xmlns:edmx="http://docs.oasis-open.org/odata/ns/edmx">
        <edmx:Include Namespace="com.sap.vocabularies.Common.v1" Alias="Common"/>
    </edmx:Reference>
    <edmx:Reference Uri="https://s4d.virtual:443/sap/opu/odata/IWFND/CATALOGSERVICE;v=2/Vocabularies(TechnicalName='%2FIWBEP%2FVOC_CAPABILITIES',Version='0001',SAP__Origin='LOCAL')/$value" xmlns:edmx="http://docs.oasis-open.org/odata/ns/edmx">
        <edmx:Include Namespace="Org.OData.Capabilities.V1" Alias="Capabilities"/>
    </edmx:Reference>
    <edmx:Reference Uri="https://s4d.virtual:443/sap/opu/odata/IWFND/CATALOGSERVICE;v=2/Vocabularies(TechnicalName='%2FIWBEP%2FVOC_COMMUNICATION',Version='0001',SAP__Origin='LOCAL')/$value" xmlns:edmx="http://docs.oasis-open.org/odata/ns/edmx">
        <edmx:Include Namespace="com.sap.vocabularies.Communication.v1" Alias="Communication"/>
    </edmx:Reference>
    <edmx:Reference Uri="https://s4d.virtual:443/sap/opu/odata/IWFND/CATALOGSERVICE;v=2/Vocabularies(TechnicalName='%2FIWBEP%2FVOC_AGGREGATION',Version='0001',SAP__Origin='LOCAL')/$value" xmlns:edmx="http://docs.oasis-open.org/odata/ns/edmx">
        <edmx:Include Namespace="Org.OData.Aggregation.V1" Alias="Aggregation"/>
    </edmx:Reference>
    <edmx:Reference Uri="https://s4d.virtual:443/sap/opu/odata/IWFND/CATALOGSERVICE;v=2/Vocabularies(TechnicalName='%2FIWBEP%2FVOC_PERSONALDATA',Version='0001',SAP__Origin='LOCAL')/$value" xmlns:edmx="http://docs.oasis-open.org/odata/ns/edmx">
        <edmx:Include Namespace="com.sap.vocabularies.PersonalData.v1" Alias="PersonalData"/>
    </edmx:Reference>
    <edmx:Reference Uri="https://s4d.virtual:443/sap/opu/odata/IWFND/CATALOGSERVICE;v=2/Vocabularies(TechnicalName='%2FIWBEP%2FVOC_VALIDATION',Version='0001',SAP__Origin='LOCAL')/$value" xmlns:edmx="http://docs.oasis-open.org/odata/ns/edmx">
        <edmx:Include Namespace="Org.OData.Validation.V1" Alias="Validation"/>
    </edmx:Reference>
    <edmx:Reference Uri="https://s4d.virtual:443/sap/opu/odata/IWFND/CATALOGSERVICE;v=2/Vocabularies(TechnicalName='%2FIWBEP%2FVOC_ANALYTICS',Version='0001',SAP__Origin='LOCAL')/$value" xmlns:edmx="http://docs.oasis-open.org/odata/ns/edmx">
        <edmx:Include Namespace="com.sap.vocabularies.Analytics.v1" Alias="Analytics"/>
    </edmx:Reference>
    <edmx:Reference Uri="https://s4d.virtual:443/sap/opu/odata/IWFND/CATALOGSERVICE;v=2/Vocabularies(TechnicalName='%2FIWBEP%2FVOC_MEASURES',Version='0001',SAP__Origin='LOCAL')/$value" xmlns:edmx="http://docs.oasis-open.org/odata/ns/edmx">
        <edmx:Include Namespace="Org.OData.Measures.V1" Alias="Measures"/>
    </edmx:Reference>
    <edmx:Reference Uri="https://s4d.virtual:443/sap/opu/odata/IWFND/CATALOGSERVICE;v=2/Vocabularies(TechnicalName='%2FIWBEP%2FVOC_UI',Version='0001',SAP__Origin='LOCAL')/$value" xmlns:edmx="http://docs.oasis-open.org/odata/ns/edmx">
        <edmx:Include Namespace="com.sap.vocabularies.UI.v1" Alias="UI"/>
    </edmx:Reference>
    <edmx:DataServices m:DataServiceVersion="2.0">
        <Schema Namespace="ZUX410_C_FLIGHTUI00_CDS" xml:lang="en" sap:schema-version="1" xmlns="http://schemas.microsoft.com/ado/2008/09/edm">
            <EntityType Name="Flight00" sap:label="UX410 Flight UI" sap:content-version="1">
                <Key>
                    <PropertyRef Name="carrid"/>
                    <PropertyRef Name="connid"/>
                    <PropertyRef Name="fldate"/>
                </Key>
                <Property Name="carrid" Type="Edm.String" Nullable="false" MaxLength="3" sap:display-format="UpperCase" sap:label="Airline" sap:quickinfo="Airline Code"/>
                <Property Name="connid" Type="Edm.String" Nullable="false" MaxLength="4" sap:display-format="NonNegative" sap:label="Connection Number" sap:quickinfo="Flight Connection Number"/>
                <Property Name="fldate" Type="Edm.DateTime" Nullable="false" Precision="0" sap:display-format="Date" sap:label="Flight Date" sap:quickinfo="Flight date"/>
                <Property Name="carrname" Type="Edm.String" MaxLength="20" sap:label="Airline" sap:quickinfo="Airline name"/>
                <Property Name="cityfrom" Type="Edm.String" MaxLength="20" sap:display-format="UpperCase" sap:label="Depart. city" sap:quickinfo="Departure city"/>
                <Property Name="cityto" Type="Edm.String" MaxLength="20" sap:display-format="UpperCase" sap:label="Arrival city"/>
                <Property Name="planetype" Type="Edm.String" MaxLength="10" sap:display-format="UpperCase" sap:label="Plane Type" sap:quickinfo="Aircraft Type"/>
                <Property Name="price" Type="Edm.Decimal" Precision="16" Scale="3" sap:label="Airfare"/>
                <Property Name="currency" Type="Edm.String" MaxLength="5" sap:label="Airline Currency" sap:quickinfo="Local currency of airline" sap:semantics="currency-code"/>
                <Property Name="Total" Type="Edm.Decimal" Precision="26" Scale="3"/>
                <Property Name="seatsmax" Type="Edm.Int32" sap:label="Max. capacity econ." sap:quickinfo="Maximum capacity in economy class"/>
                <Property Name="seatsocc" Type="Edm.Int32" sap:label="Occupied econ." sap:quickinfo="Occupied seats in economy class"/>
                <Property Name="url" Type="Edm.String" MaxLength="255" sap:label="URL" sap:quickinfo="Airline URL"/>
                <Property Name="paymentsum" Type="Edm.Decimal" Precision="18" Scale="3" sap:label="Booking total" sap:quickinfo="Total of current bookings"/>
                <Property Name="seatsmax_b" Type="Edm.Int32" sap:label="Max. capacity bus." sap:quickinfo="Maximum capacity in business class"/>
                <Property Name="seatsocc_b" Type="Edm.Int32" sap:label="Occupied bus." sap:quickinfo="Occupied seats in business class"/>
                <Property Name="seatsmax_f" Type="Edm.Int32" sap:label="Max. capacity 1st" sap:quickinfo="Maximum capacity in first class"/>
                <Property Name="seatsocc_f" Type="Edm.Int32" sap:label="Occupied 1st" sap:quickinfo="Occupied seats in first class"/>
            </EntityType>
            <EntityContainer Name="ZUX410_C_FLIGHTUI00_CDS_Entities" m:IsDefaultEntityContainer="true" sap:message-scope-supported="true" sap:supported-formats="atom json xlsx">
                <EntitySet Name="FlightSet00" EntityType="ZUX410_C_FLIGHTUI00_CDS.Flight00" sap:creatable="false" sap:updatable="false" sap:deletable="false" sap:content-version="1"/>
            </EntityContainer>
            <Annotations Target="ZUX410_C_FLIGHTUI00_CDS.ZUX410_C_FLIGHTUI00_CDS_Entities" xmlns="http://docs.oasis-open.org/odata/ns/edm">
                <Annotation Term="Common.ApplyMultiUnitBehaviorForSortingAndFiltering" Bool="true"/>
                <Annotation Term="Aggregation.ApplySupported">
                    <Record>
                        <PropertyValue Property="Transformations">
                            <Collection>
                                <String>aggregate</String>
                                <String>groupby</String>
                                <String>filter</String>
                            </Collection>
                        </PropertyValue>
                        <PropertyValue Property="Rollup" EnumMember="None"/>
                    </Record>
                </Annotation>
            </Annotations>
            <atom:link rel="self" href="https://s4d.virtual:443/sap/opu/odata/sap/ZUX410_C_FLIGHTUI00_CDS/$metadata" xmlns:atom="http://www.w3.org/2005/Atom"/>
            <atom:link rel="latest-version" href="https://s4d.virtual:443/sap/opu/odata/sap/ZUX410_C_FLIGHTUI00_CDS/$metadata" xmlns:atom="http://www.w3.org/2005/Atom"/>
        </Schema>
    </edmx:DataServices>
</edmx:Edmx>